[
 {
  "id": 1,
  "type": "全校類",
  "school": "宏國德霖科技大學",
  "plan": "《Unlimited Jump~德行萬里、霖揚四海》職涯領航計畫"
 },
 {
  "id": 2,
  "type": "全校類",
  "school": "致理科技大學",
  "plan": "掌握職涯關鍵力，職場A咖在致理"
 },
 {
  "id": 3,
  "type": "全校類",
  "school": "逢甲大學",
  "plan": "成就健身房-當自己最好的職涯教練"
 },
 {
  "id": 4,
  "type": "全校類",
  "school": "國立臺中科技大學",
  "plan": "職涯輔導「Go For Creation」"
 },
 {
  "id": 5,
  "type": "全校類",
  "school": "龍華科技大學",
  "plan": "從野柿到金盞花-打造盞新的META Lalu"
 },
 {
  "id": 6,
  "type": "全校類",
  "school": "銘傳大學",
  "plan": "銘天，傳遞職涯正能量"
 },
 {
  "id": 7,
  "type": "創新類",
  "school": "亞洲大學",
  "plan": "永續xAI-幼教師資創價計畫"
 },
 {
  "id": 8,
  "type": "創新類",
  "school": "國立成功大學",
  "plan": "113年度_成功啟航職涯計畫"
 },
 {
  "id": 9,
  "type": "創新類",
  "school": "實踐大學",
  "plan": "多元社會關懷-深耕職涯輔導"
 },
 {
  "id": 10,
  "type": "創新類",
  "school": "馬偕醫護管理專科學校",
  "plan": "執手共偕耀馬偕-職涯輔導系列活動2.0"
 },
 {
  "id": 11,
  "type": "創新類",
  "school": "南開科技大學",
  "plan": "起「薪」動念交響樂-奏鳴曲"
 },
 {
  "id": 12,
  "type": "創新類",
  "school": "東海大學",
  "plan": "同心築創新夢，迎向網路行銷「薪」未來"
 },
 {
  "id": 13,
  "type": "創新類",
  "school": "正修科技大學",
  "plan": "職涯藍圖~鱻旅教育x永續創生"
 },
 {
  "id": 14,
  "type": "創新類",
  "school": "遠東科技大學",
  "plan": "一手好牌設計人生"
 },
 {
  "id": 15,
  "type": "教材類",
  "school": "國立聯合大學",
  "plan": "當我們「聯合」在一起~職涯力的加值與創新"
 },
 {
  "id": 16,
  "type": "教材類",
  "school": "國立成功大學",
  "plan": "永續心動力開出職涯處方簽：師生共學共好"
 },
 {
  "id": 17,
  "type": "教材類",
  "school": "國立臺北科技大學",
  "plan": "優職領航接軌未來"
 },
 {
  "id": 18,
  "type": "教材類",
  "school": "中國文化大學",
  "plan": "學職轉換計畫-與未來接軌、迎向未來"
 },
 {
  "id": 19,
  "type": "教材類",
  "school": "國立中正大學",
  "plan": "生涯探索、設計、行動、分享及反思"
 },
 {
  "id": 20,
  "type": "教材類",
  "school": "臺北城市科技大學",
  "plan": "產業創新x環境永續–民生跨域綠能產業創業培力計畫"
 },
 {
  "id": 21,
  "type": "原民類",
  "school": "大仁科技大學",
  "plan": "原力扎根職涯永續"
 },
 {
  "id": 22,
  "type": "原民類",
  "school": "中國醫藥大學",
  "plan": "原來在醫起"
 },
 {
  "id": 23,
  "type": "原民類",
  "school": "輔英科技大學",
  "plan": "「原」夢「職」達，翻轉未來!"
 },
 {
  "id": 24,
  "type": "原民類",
  "school": "仁德醫護管理專科學校",
  "plan": "綻放原動力暨系所特色深耕職輔能量倍增計畫"
 },
 {
  "id": 25,
  "type": "原民類",
  "school": "高雄醫學大學",
  "plan": "職涯導航-原的多重宇宙"
 },
 {
  "id": 26,
  "type": "原民類",
  "school": "義守大學",
  "plan": "「原」宇宙-義守大學「原住民」職涯發展計畫"
 },
 {
  "id": 50,
  "type": "全校類",
  "school": "宏國德霖科技大學",
  "plan": "《Unlimited Jump~德行萬里、霖揚四海》職涯領航計畫"
 },
 {
  "id": 51,
  "type": "全校類",
  "school": "致理科技大學",
  "plan": "掌握職涯關鍵力，職場A咖在致理"
 },
 {
  "id": 52,
  "type": "創新類",
  "school": "亞洲大學",
  "plan": "永續xAI-幼教師資創價計畫"
 },
 {
  "id": 53,
  "type": "創新類",
  "school": "國立成功大學",
  "plan": "113年度_成功啟航職涯計畫"
 },
 {
  "id": 54,
  "type": "教材類",
  "school": "國立聯合大學",
  "plan": "當我們「聯合」在一起~職涯力的加值與創新"
 },
 {
  "id": 55,
  "type": "教材類",
  "school": "國立成功大學",
  "plan": "永續心動力開出職涯處方簽：師生共學共好"
 },
 {
  "id": 56,
  "type": "原民類",
  "school": "大仁科技大學",
  "plan": "原力扎根職涯永續"
 },
 {
  "id": 57,
  "type": "原民類",
  "school": "輔英科技大學",
  "plan": "「原」夢「職」達，翻轉未來!"
 }
]